arquivo,placa_esperada
00000-JXH6563.jpg,JXH6563
00001-IRQ3I15.jpg,IRQ3I15
00002-PNB8251.jpg,PNB8251
00003-KVS6C39.jpg,KVS6C39
00004-FTC7074.jpg,FTC7074
00005-PHT5F76.jpg,PHT5F76
00006-ATC1966.jpg,ATC1966
00007-JHP6197.jpg,JHP6197
00008-PYL0A42.jpg,PYL0A42
00009-RXK9A81.jpg,RXK9A81
00010-EXR5121.jpg,EXR5121
00011-DJM3421.jpg,DJM3421
00012-QZB4J11.jpg,QZB4J11
00013-PWJ5J45.jpg,PWJ5J45
00014-PGB8382.jpg,PGB8382
00015-KYV9H95.jpg,KYV9H95
00016-KRC9E24.jpg,KRC9E24
00017-KKP0550.jpg,KKP0550
00018-PHX0F24.jpg,PHX0F24
00019-RFO7E22.jpg,RFO7E22
00020-GEL1B89.jpg,GEL1B89
00021-QZB4J11.jpg,QZB4J11
00022-CMD5G01.jpg,CMD5G01
00023-QZR2G18.jpg,QZR2G18
00024-LSU8F02.jpg,LSU8F02
00025-IXC2C68.jpg,IXC2C68
00026-FHE0843.jpg,FHE0843
00027-CXA7H17.jpg,CXA7H17
00028-AXC3E36.jpg,AXC3E36
00029-PHT5F76.jpg,PHT5F76
00030-KQY6E81.jpg,KQY6E81
00031-PHJ6995.jpg,PHJ6995
00032-PHT5F76.jpg,PHT5F76
00033-JWH3737.jpg,JWH3737
00034-NUH5I25.jpg,NUH5I25
00035-JXV3745.jpg,JXV3745
00036-PHJ9804.jpg,PHJ9804
00037-DHG1C93.jpg,DHG1C93
00038-BWZ1199.jpg,BWZ1199
00039-LSU8F02.jpg,LSU8F02
00040-KQY6E81.jpg,KQY6E81
00041-YWS1S41.jpg,YWS1S41
00042-ZTZ1Y96.jpg,ZTZ1Y96
00043-UNS1Y11.jpg,UNS1Y11
00044-RYR1R99.jpg,RYR1R99
00045-NSX8S91.jpg,NSX8S91
00046-TTW3T79.jpg,TTW3T79
00047-THH8H18.jpg,THH8H18
00048-YYW8X44.jpg,YYW8X44
00049-KCC2K57.jpg,KCC2K57
00050-UUY1W91.jpg,UUY1W91
00051-ZZW4W89.jpg,ZZW4W89
00052-WWT3W11.jpg,WWT3W11
00053-YLJ4L66.jpg,YLJ4L66
00054-TSY8V14.jpg,TSY8V14
00055-SMS4M69.jpg,SMS4M69
00056-ESS3M91.jpg,ESS3M91
00057-NMQ4V66.jpg,NMQ4V66
00058-RNR8R69.jpg,RNR8R69
00059-TXZ2W31.jpg,TXZ2W31
00060-UKK2K72.jpg,UKK2K72
00061-QQS1M63.jpg,QQS1M63
00062-YYY1Y78.jpg,YYY1Y78
00063-XTZ4W13.jpg,XTZ4W13
00064-JMS6M96.jpg,JMS6M96
00065-YTN8W61.jpg,YTN8W61
00066-PNP4W69.jpg,PNP4W69
00067-HUH2U55.jpg,HUH2U55
00068-RPR1R46.jpg,RPR1R46
00069-RRR3R66.jpg,RRR3R66
00070-XYY8N66.jpg,XYY8N66
00071-TYT6T66.jpg,TYT6T66
00072-SHS5H22.jpg,SHS5H22
00073-UZS6U49.jpg,UZS6U49
00074-VVG3V65.jpg,VVG3V65
00075-SMM4Q99.jpg,SMM4Q99
00076-PNV6P41.jpg,PNV6P41
00077-SMM1S98.jpg,SMM1S98
00078-JTW1J68.jpg,JTW1J68
00079-GGP7P32.jpg,GGP7P32
00080-YVV1S89.jpg,YVV1S89
00081-WZX3T21.jpg,WZX3T21
00082-SSU4Z89.jpg,SSU4Z89
00083-UUU1U99.jpg,UUU1U99
00084-TTW4W94.jpg,TTW4W94
00085-SVS9T11.jpg,SVS9T11
00086-XYW1X81.jpg,XYW1X81
00087-UYU1Y88.jpg,UYU1Y88
00088-LRH4U66.jpg,LRH4U66
00089-RXN5Y79.jpg,RXN5Y79
00090-UUU2U46.jpg,UUU2U46
00091-LYJ1J16.jpg,LYJ1J16
00092-SSS1S11.jpg,SSS1S11
00093-XTQ1H84.jpg,XTQ1H84
00094-PHW7G07.jpg,PHW7G07
00095-PHX0F24.jpg,PHX0F24
00096-BEB1A52.jpg,BEB1A52
00097-QQE4A80.jpg,QQE4A80
00098-FHE0843.jpg,FHE0843
00099-PHJ9181.jpg,PHJ9181
00100-FME2G04.jpg,FME2G04
00101-IWR0J01.jpg,IWR0J01
00102-PHD5210.jpg,PHD5210
00103-KXU2583.jpg,KXU2583
00104-KVS6C39.jpg,KVS6C39
00105-BEB7D24.jpg,BEB7D24
00106-JXV3745.jpg,JXV3745
00107-PKT5F76.jpg,PKT5F76
00108-PHD5210.jpg,PHD5210
00109-BZU7675.jpg,BZU7675
00110-MHT1969.jpg,MHT1969
00111-PHC1414.jpg,PHC1414
00112-BEC6B34.jpg,BEC6B34
00113-KVS6C39.jpg,KVS6C39
00114-BTE0001.jpg,BTE0001
00115-JXH6563.jpg,JXH6563
00116-QOA9D39.jpg,QOA9D39
00117-RFV8D55.jpg,RFV8D55
00118-KQY6E81.jpg,KQY6E81
00119-PHT5F76.jpg,PHT5F76
00120-PHD5210.jpg,PHD5210
00121-KQY6E81.jpg,KQY6E81
00122-MGN2377.jpg,MGN2377
00123-BEI1F76.jpg,BEI1F76
00124-JWR7352.jpg,JWR7352
00125-RNF5B25.jpg,RNF5B25
00126-QYY6E12.jpg,QYY6E12
00127-MLE8201.jpg,MLE8201
00128-PHG5192.jpg,PHG5192
00129-JKN7904.jpg,JKN7904
00130-PHT5F76.jpg,PHT5F76
00131-PHC1414.jpg,PHC1414
00132-JXH6563.jpg,JXH6563
00133-NTC3055.jpg,NTC3055
00134-RLD1I90.jpg,RLD1I90
00135-KUE8158.jpg,KUE8158
00136-QPR6E79.jpg,QPR6E79
00137-BDC4J81.jpg,BDC4J81
00138-LGJ3277.jpg,LGJ3277
00139-QZB4J11.jpg,QZB4J11
00140-NAQ1A71.jpg,NAQ1A71
00141-PHL3395.jpg,PHL3395
00142-PKQ8532.jpg,PKQ8532
00143-NZX9J35.jpg,NZX9J35
00144-PKT6999.jpg,PKT6999
00145-RFU7D16.jpg,RFU7D16
00146-KNO0J91.jpg,KNO0J91
00147-NTG2428.jpg,NTG2428
00148-NZD5822.jpg,NZD5822
00149-MEK0F55.jpg,MEK0F55
00150-FGU8J17.jpg,FGU8J17
00151-NZZ2E41.jpg,NZZ2E41
00152-QOC0J37.jpg,QOC0J37
00153-QOC0J37.jpg,QOC0J37
00154-JQL9D87.jpg,JQL9D87
00155-NZU7857.jpg,NZU7857
00156-LLC3H02.jpg,LLC3H02
00157-JME2893.jpg,JME2893
00158-PKY2638.jpg,PKY2638
00159-JQQ0359.jpg,JQQ0359
00160-PKG8964.jpg,PKG8964
00161-JRB1520.jpg,JRB1520
00162-JRB1520.jpg,JRB1520
00163-PLT0H36.jpg,PLT0H36
00164-JLR8623.jpg,JLR8623
00165-CJZ9224.jpg,CJZ9224
00166-JNY9841.jpg,JNY9841
00167-QTU4E71.jpg,QTU4E71
00168-QTZ3B09.jpg,QTZ3B09
00169-NTL3997.jpg,NTL3997
00170-QTU2I59.jpg,QTU2I59
00171-QTZ1F54.jpg,QTZ1F54
00172-PLY3A77.jpg,PLY3A77
00173-JGV2820.jpg,JGV2820
00174-QTU0I46.jpg,QTU0I46
00175-PKY4432.jpg,PKY4432
00176-PKN7828.jpg,PKN7828
00177-NYP9A71.jpg,NYP9A71
00178-PJB3722.jpg,PJB3722
00179-DPE6092.jpg,DPE6092
00180-JRH2400.jpg,JRH2400
00181-NZS4639.jpg,NZS4639
00182-NZY5064.jpg,NZY5064
00183-JNU5560.jpg,JNU5560
00184-CKX9882.jpg,CKX9882
00185-JSE7787.jpg,JSE7787
00186-NZP2546.jpg,NZP2546
00187-NZP254.jpg,NZP254
00188-OZT7A28.jpg,OZT7A28
00189-PJR7779.jpg,PJR7779
00190-QNE0591.jpg,QNE0591
00191-PJH4915.jpg,PJH4915
00192-PKF7961.jpg,PKF7961
00193-QQM0545.jpg,QQM0545
00194-HCH2F27.jpg,HCH2F27
00195-PJR4G71.jpg,PJR4G71
00196-PJR4G71.jpg,PJR4G71
00197-PJR4G71.jpg,PJR4G71
00198-NMD1D00.jpg,NMD1D00
00199-NTU5512.jpg,NTU5512
00200-CTB6013.jpg,CTB6013
00201-EUX3539.jpg,EUX3539
00202-NZA4861.jpg,NZA4861
00203-FAK8E59.jpg,FAK8E59
00204-NYU1G58.jpg,NYU1G58
00205-PLA4702.jpg,PLA4702
00206-FNJ0036.jpg,FNJ0036
00207-NTU3103.jpg,NTU3103
00208-PKD1409.jpg,PKD1409
00209-GPX4206.jpg,GPX4206
00210-NTF5399.jpg,NTF5399
00211-JRV9601.jpg,JRV9601
00212-PEP8868.jpg,PEP8868
00213-OLA9J92.jpg,OLA9J92
00214-CRG8304.jpg,CRG8304
00215-JRP2D45.jpg,JRP2D45
00216-GWR9777.jpg,GWR9777
00217-FQG1A23.jpg,FQG1A23
00218-KHQ2922.jpg,KHQ2922
00219-OQC1D36.jpg,OQC1D36
00220-GXV0013.jpg,GXV0013
00221-GXV0013.jpg,GXV0013
00222-PLB6907.jpg,PLB6907
00223-PLB6907.jpg,PLB6907
00224-EJB3124.jpg,EJB3124
00225-EUZ2E88.jpg,EUZ2E88
00226-NZU6682.jpg,NZU6682
00227-NZU6682.jpg,NZU6682
00228-NZU6682.jpg,NZU6682
00229-JRK4594.jpg,JRK4594
00230-BZS2482.jpg,BZS2482
00231-BZS2482.jpg,BZS2482
00232-JMU8184.jpg,JMU8184
00233-DWM9B19.jpg,DWM9B19
00234-JMD7787.jpg,JMD7787
00235-OKK0G99.jpg,OKK0G99
00236-MRQ1994.jpg,MRQ1994
00237-PJA7277.jpg,PJA7277
00238-DMM8924.jpg,DMM8924
00239-HNA6134.jpg,HNA6134
00240-PYK4397.jpg,PYK4397
00241-PLA4259.jpg,PLA4259
00242-PLA4259.jpg,PLA4259
00243-JSC0237.jpg,JSC0237
00244-NTU6858.jpg,NTU6858
00245-PLB2440.jpg,PLB2440
00246-JPK1799.jpg,JPK1799
00247-JQM4342.jpg,JQM4342
00248-JQM4342.jpg,JQM4342
00249-PBC5589.jpg,PBC5589
00250-DSS5195.jpg,DSS5195
00251-PLB9189.jpg,PLB9189
00252-PZA3A94.jpg,PZA3A94
00253-PJM7407.jpg,PJM7407
00254-PJM7407.jpg,PJM7407
00255-JPS6070.jpg,JPS6070
00256-CRM7849.jpg,CRM7849
00257-JSL7089.jpg,JSL7089
00258-HDV8558.jpg,HDV8558
00259-PJC8612.jpg,PJC8612
00260-PLQ9A16.jpg,PLQ9A16
00261-HGP6168.jpg,HGP6168
00262-NGR1485.jpg,NGR1485
00263-HLP2292.jpg,HLP2292
00264-GVX7585.jpg,GVX7585
00265-PWS9333.jpg,PWS9333
00266-QQN8220.jpg,QQN8220
00267-PZA1777.jpg,PZA1777
00268-GWV7647.jpg,GWV7647
00269-EQU5755.jpg,EQU5755
00270-HHZ6946.jpg,HHZ6946
00271-FHD3A38.jpg,FHD3A38
00272-PZH6990.jpg,PZH6990
00273-PJR7658.jpg,PJR7658
00274-PZK0355.jpg,PZK0355
00275-QWV7673.jpg,QWV7673
00276-ENY8H46.jpg,ENY8H46
00277-DAU0C49.jpg,DAU0C49
00278-MRY0329.jpg,MRY0329
00279-KXX5J75.jpg,KXX5J75
00280-HKX1550.jpg,HKX1550
00281-QNJ0717.jpg,QNJ0717
00282-NCR7896.jpg,NCR7896
00283-QUZ3919.jpg,QUZ3919
00284-RFA4I58.jpg,RFA4I58
00285-PUJ5459.jpg,PUJ5459
00286-HBU7764.jpg,HBU7764
00287-PWW5012.jpg,PWW5012
00288-GVT1535.jpg,GVT1535
00289-DSK2906.jpg,DSK2906
00290-HJD7728.jpg,HJD7728
00291-GAP0541.jpg,GAP0541
00292-NXX1851.jpg,NXX1851
00293-QMW7192.jpg,QMW7192
00294-GXG6641.jpg,GXG6641
00295-ERX2038.jpg,ERX2038
00296-HNG8923.jpg,HNG8923
00297-HDF6304.jpg,HDF6304
00298-HEQ2477.jpg,HEQ2477
00299-HKU6127.jpg,HKU6127
00300-HDM7J63.jpg,HDM7J63
00301-PLH9121.jpg,PLH9121
00302-PKU2A89.jpg,PKU2A89
00303-PLO8H69.jpg,PLO8H69
00304-NYS2H16.jpg,NYS2H16
00305-RCS8J27.jpg,RCS8J27
00306-HYL2231.jpg,HYL2231
00307-PLV2A00.jpg,PLV2A00
00308-FMQ0676.jpg,FMQ0676
00309-PUE5415.jpg,PUE5415
00310-BBL5897.jpg,BBL5897
00311-FFT3J53.jpg,FFT3J53
00312-FVK9863.jpg,FVK9863
00313-BPP4115.jpg,BPP4115
00314-DFV1928.jpg,DFV1928
00315-QZO5E78.jpg,QZO5E78
00316-ABL2442.jpg,ABL2442
00317-NFG1C03.jpg,NFG1C03
00318-QZX3B66.jpg,QZX3B66
00319-MIC7E96.jpg,MIC7E96
00320-PFV4639.jpg,PFV4639
00321-AWD8540.jpg,AWD8540
00322-PHC1414.jpg,PHC1414
00323-JXV3745.jpg,JXV3745
00324-AYK8745.jpg,AYK8745
00325-JXV3745.jpg,JXV3745
00326-PHL3395.jpg,PHL3395
00327-EDY2F19.jpg,EDY2F19
00328-DUM3A68.jpg,DUM3A68
00329-GBO2E49.jpg,GBO2E49
00330-AUB5D38.jpg,AUB5D38
00331-QZB4J11.jpg,QZB4J11
00332-DQW7711.jpg,DQW7711
00333-KQY6E81.jpg,KQY6E81
00334-FVW5426.jpg,FVW5426
00335-PHJ9804.jpg,PHJ9804
00336-GGT0599.jpg,GGT0599
00337-BDV7G47.jpg,BDV7G47
00338-KQY6E81.jpg,KQY6E81
00339-KQY6E81.jpg,KQY6E81
00340-PHJ6995.jpg,PHJ6995
00341-PHC1414.jpg,PHC1414
00342-JXV3745.jpg,JXV3745
00343-FOO7E54.jpg,FOO7E54
00344-PHX0F24.jpg,PHX0F24
00345-EGL9671.jpg,EGL9671
00346-KQY6E81.jpg,KQY6E81
00347-FFN0771.jpg,FFN0771
00348-DHQ1938.jpg,DHQ1938
00349-QWU4631.jpg,QWU4631
00350-PHJ6995.jpg,PHJ6995
00351-GUN9585.jpg,GUN9585
00352-QZB4J11.jpg,QZB4J11
00353-FHE0843.jpg,FHE0843
00354-CHV1C52.jpg,CHV1C52
00355-JXV3745.jpg,JXV3745
00356-NPB6359.jpg,NPB6359
00357-ALN2383.jpg,ALN2383
00358-PHL7F66.jpg,PHL7F66
00359-QZB4J11.jpg,QZB4J11
00360-KQY6E81.jpg,KQY6E81
00361-LSU8F02.jpg,LSU8F02
00362-QWU4631.jpg,QWU4631
00363-JXH6563.jpg,JXH6563
00364-PHI9D80.jpg,PHI9D80
00365-KYO5E18.jpg,KYO5E18
00366-QHF9H65.jpg,QHF9H65
00367-AFF7225.jpg,AFF7225
00368-NPB6359.jpg,NPB6359
00369-FFN3473.jpg,FFN3473
00370-PYK6908.jpg,PYK6908
00371-RAM2500.jpg,RAM2500
00372-AOT4C69.jpg,AOT4C69
00373-NUH5I25.jpg,NUH5I25
00374-KRR6C31.jpg,KRR6C31
00375-RHL6A78.jpg,RHL6A78
00376-KQY6E81.jpg,KQY6E81
00377-PHJ6995.jpg,PHJ6995
00378-RNL2A91.jpg,RNL2A91
00379-PHL7F66.jpg,PHL7F66
00380-QZB4J11.jpg,QZB4J11
00381-KVS6C39.jpg,KVS6C39
00382-MKM1F84.jpg,MKM1F84
00383-CGG1I52.jpg,CGG1I52
00384-PHD5210.jpg,PHD5210
00385-MDC7088.jpg,MDC7088
00386-PHJ6995.jpg,PHJ6995
00387-IZM7G78.jpg,IZM7G78
00388-KYH4C46.jpg,KYH4C46
00389-LMP0A53.jpg,LMP0A53
00390-PWT4264.jpg,PWT4264
00391-KVS6C39.jpg,KVS6C39
00392-FPP2G29.jpg,FPP2G29
00393-DNZ4D46.jpg,DNZ4D46
00394-LSU8F02.jpg,LSU8F02
00395-KQY6E81.jpg,KQY6E81
00396-QZO5E78.jpg,QZO5E78
00397-NPB6359.jpg,NPB6359
00398-PUM2782.jpg,PUM2782
00399-JHS5041.jpg,JHS5041
00400-FPW4I75.jpg,FPW4I75
00401-PHX0F24.jpg,PHX0F24
00402-QZO5E78.jpg,QZO5E78
00403-BDX7I27.jpg,BDX7I27
00404-FTR1H81.jpg,FTR1H81
00405-RTV0I73.jpg,RTV0I73
00406-LRH4994.jpg,LRH4994
00407-AJH3855.jpg,AJH3855
00408-KOH6A88.jpg,KOH6A88
00409-RMD4E66.jpg,RMD4E66
00410-PHJ9804.jpg,PHJ9804
00411-KVS6C39.jpg,KVS6C39
00412-NUH5I25.jpg,NUH5I25
00413-PHJ9804.jpg,PHJ9804
00414-RMY8J98.jpg,RMY8J98
00415-PHL3395.jpg,PHL3395
00416-PHT5F76.jpg,PHT5F76
00417-NPB6359.jpg,NPB6359
00418-PHW7G07.jpg,PHW7G07
00419-PAQ6878.jpg,PAQ6878
00420-JXB8753.jpg,JXB8753
00421-NUH5I25.jpg,NUH5I25
00422-PHC1414.jpg,PHC1414
00423-NXY3B29.jpg,NXY3B29
00424-RLI9F78.jpg,RLI9F78
00425-KQY6E81.jpg,KQY6E81
00426-KVC6B55.jpg,KVC6B55
00427-MBC1A48.jpg,MBC1A48
00428-NUH5I25.jpg,NUH5I25
00429-RKG2I34.jpg,RKG2I34
00430-PHG0286.jpg,PHG0286
00431-QZX3B66.jpg,QZX3B66
00432-NUH5I25.jpg,NUH5I25
00433-HAN6132.jpg,HAN6132
00434-PHC1414.jpg,PHC1414
00435-PHT5F76.jpg,PHT5F76
00436-RTN7I43.jpg,RTN7I43
00437-PHJ9181.jpg,PHJ9181
00438-BCR4E74.jpg,BCR4E74
00439-AFG5B01.jpg,AFG5B01
00440-FMS9098.jpg,FMS9098
00441-NPB6359.jpg,NPB6359
00442-JAX9B36.jpg,JAX9B36
00443-BBT7532.jpg,BBT7532
00444-RMJ7H08.jpg,RMJ7H08
00445-NPB6359.jpg,NPB6359
00446-RMY8J98.jpg,RMY8J98
00447-NPB6359.jpg,NPB6359
00448-NUH5I25.jpg,NUH5I25
00449-KQY6E81.jpg,KQY6E81
00450-OKF1C63.jpg,OKF1C63
00451-PHL3395.jpg,PHL3395
00452-EAQ2956.jpg,EAQ2956
00453-JXB8753.jpg,JXB8753
00454-ARW3D38.jpg,ARW3D38
00455-FHE0843.jpg,FHE0843
00456-BBT5192.jpg,BBT5192
00457-KVS6C39.jpg,KVS6C39
00458-PHD5210.jpg,PHD5210
00459-JAN5C83.jpg,JAN5C83
00460-JXH6563.jpg,JXH6563
00461-EYL4B86.jpg,EYL4B86
00462-BCF6122.jpg,BCF6122
00463-PHC1414.jpg,PHC1414
00464-NAV9J45.jpg,NAV9J45
00465-PHL3395.jpg,PHL3395
00466-NNJ6G02.jpg,NNJ6G02
00467-EXP2048.jpg,EXP2048
00468-NPB6359.jpg,NPB6359
00469-PHG0286.jpg,PHG0286
00470-AUV1J51.jpg,AUV1J51
00471-PHD5210.jpg,PHD5210
00472-PHJ9804.jpg,PHJ9804
00473-PHC1414.jpg,PHC1414
00474-LUO4A44.jpg,LUO4A44
00475-EPN3J70.jpg,EPN3J70
00476-LRK5J05.jpg,LRK5J05
00477-PCM7878.jpg,PCM7878
00478-BBQ4H89.jpg,BBQ4H89
00479-JFD5J19.jpg,JFD5J19
00480-RMY8J98.jpg,RMY8J98
00481-MHH6692.jpg,MHH6692
00482-LTE6933.jpg,LTE6933
00483-CDE2154.jpg,CDE2154
00484-KVS6C39.jpg,KVS6C39
00485-AQE1130.jpg,AQE1130
00486-QZO5E78.jpg,QZO5E78
00487-KQY6E81.jpg,KQY6E81
00488-JXH6563.jpg,JXH6563
00489-JXR9074.jpg,JXR9074
00490-MBQ7325.jpg,MBQ7325
00491-HKV1E93.jpg,HKV1E93
00492-NPB6359.jpg,NPB6359
00493-PHI9D80.jpg,PHI9D80
00494-NPB6359.jpg,NPB6359
00495-QZO5E78.jpg,QZO5E78
00496-FLJ0445.jpg,FLJ0445
00497-ATV3468.jpg,ATV3468
00498-EZD9283.jpg,EZD9283
00499-MEP3091.jpg,MEP3091
00500-FAI7H26.jpg,FAI7H26
00501-FRH5219.jpg,FRH5219
00502-FOV5J30.jpg,FOV5J30
00503-KQY6E81.jpg,KQY6E81
00504-QWU4631.jpg,QWU4631
00505-BBW2064.jpg,BBW2064
00506-QHY1G67.jpg,QHY1G67
00507-GJT4D18.jpg,GJT4D18
00508-RZG1J04.jpg,RZG1J04
00509-KQY6E81.jpg,KQY6E81
00510-QZK7F58.jpg,QZK7F58
00511-KQY6E81.jpg,KQY6E81
00512-KQY6E81.jpg,KQY6E81
00513-QZS4H17.jpg,QZS4H17
00514-PDX4A70.jpg,PDX4A70
00515-NLO2I92.jpg,NLO2I92
00516-QZB7I91.jpg,QZB7I91
00517-AVL1217.jpg,AVL1217
00518-MGX2B95.jpg,MGX2B95
00519-QZB4J11.jpg,QZB4J11
00520-QZX3B66.jpg,QZX3B66
00521-KQY6E81.jpg,KQY6E81
00522-QQL9J58.jpg,QQL9J58
00523-BNN1D71.jpg,BNN1D71
00524-NAQ1A71.jpg,NAQ1A71
00525-EGQ7499.jpg,EGQ7499
00526-GJQ2F06.jpg,GJQ2F06
00527-PHI9D80.jpg,PHI9D80
00528-LSU8F02.jpg,LSU8F02
00529-RLE6J54.jpg,RLE6J54
00530-JXH6563.jpg,JXH6563
00531-IHU3D39.jpg,IHU3D39
00532-NHP5920.jpg,NHP5920
00533-QWU4631.jpg,QWU4631
00534-PHI9D80.jpg,PHI9D80
00535-EZE0B27.jpg,EZE0B27
00536-PHI9D80.jpg,PHI9D80
00537-QZX3B66.jpg,QZX3B66
00538-NLM8374.jpg,NLM8374
00539-NUH5I25.jpg,NUH5I25
00540-KVS6C39.jpg,KVS6C39
00541-JXV3745.jpg,JXV3745
00542-LZB9466.jpg,LZB9466
00543-PHX0F24.jpg,PHX0F24
00544-RMY8J98.jpg,RMY8J98
00545-QWU4631.jpg,QWU4631
00546-KVS6C39.jpg,KVS6C39
00547-PHW7G07.jpg,PHW7G07
00548-KVS6C39.jpg,KVS6C39
00549-FRP5387.jpg,FRP5387
00550-PHJ6995.jpg,PHJ6995
00551-PHT5F76.jpg,PHT5F76
00552-PHW7G07.jpg,PHW7G07
00553-NUH5I25.jpg,NUH5I25
00554-PHT5E33.jpg,PHT5E33
00555-EDM9076.jpg,EDM9076
00556-QWS0C13.jpg,QWS0C13
00557-PHT5F76.jpg,PHT5F76
00558-PHG5192.jpg,PHG5192
00559-PHT5F76.jpg,PHT5F76
00560-AXL3836.jpg,AXL3836
00561-JXV3745.jpg,JXV3745
00562-JXV3745.jpg,JXV3745
00563-PHL3395.jpg,PHL3395
00564-NAW8J64.jpg,NAW8J64
00565-LMN3688.jpg,LMN3688
00566-RMJ2C78.jpg,RMJ2C78
00567-LSE2748.jpg,LSE2748
00568-CQG5923.jpg,CQG5923
00569-AZC9A53.jpg,AZC9A53
00570-LMG4655.jpg,LMG4655
00571-KQY6E81.jpg,KQY6E81
00572-BDH0C18.jpg,BDH0C18
00573-JGB2304.jpg,JGB2304
00574-PHX0F24.jpg,PHX0F24
00575-PHT5E33.jpg,PHT5E33
00576-QZB4J11.jpg,QZB4J11
00577-LSE5940.jpg,LSE5940
00578-GGL1828.jpg,GGL1828
00579-RNI9J87.jpg,RNI9J87
00580-BCR5I92.jpg,BCR5I92
00581-RUW0C84.jpg,RUW0C84
00582-PHW7G07.jpg,PHW7G07
00583-MLW2359.jpg,MLW2359
00584-PHL7F66.jpg,PHL7F66
00585-PHL7F66.jpg,PHL7F66
00586-RKV5G48.jpg,RKV5G48
00587-KQY6E81.jpg,KQY6E81
00588-PHC1414.jpg,PHC1414
00589-JXB8753.jpg,JXB8753
00590-PXP1J51.jpg,PXP1J51
00591-PHI9D80.jpg,PHI9D80
00592-PHJ6995.jpg,PHJ6995
00593-PHJ9804.jpg,PHJ9804
00594-FWZ3G48.jpg,FWZ3G48
00595-GHU4089.jpg,GHU4089
00596-FHE0843.jpg,FHE0843
00597-PHJ9804.jpg,PHJ9804
00598-NPB6359.jpg,NPB6359
00599-KVS6C39.jpg,KVS6C39
00600-PDM8700.jpg,PDM8700
00601-CRK4757.jpg,CRK4757
00602-PHD5210.jpg,PHD5210
00603-QZO5E78.jpg,QZO5E78
00604-LRK0E31.jpg,LRK0E31
00605-JFM7030.jpg,JFM7030
00606-PHT5F76.jpg,PHT5F76
00607-DLS0565.jpg,DLS0565
00608-MAE4688.jpg,MAE4688
00609-NPB6359.jpg,NPB6359
00610-KQY6E81.jpg,KQY6E81
00611-CQG7420.jpg,CQG7420
00612-PHL3395.jpg,PHL3395
00613-AYJ8889.jpg,AYJ8889
00614-PHG0286.jpg,PHG0286
00615-DDS1555.jpg,DDS1555
00616-QZO5E78.jpg,QZO5E78
00617-NUH5I25.jpg,NUH5I25
00618-FHE0843.jpg,FHE0843
00619-RMY8J98.jpg,RMY8J98
00620-PHG0286.jpg,PHG0286
00621-NYE8B96.jpg,NYE8B96
00622-PHD5210.jpg,PHD5210
00623-QZB4J11.jpg,QZB4J11
00624-PHI9D80.jpg,PHI9D80
00625-PFW7D59.jpg,PFW7D59
00626-EEE3888.jpg,EEE3888
00627-QZO5E78.jpg,QZO5E78
00628-NPB6359.jpg,NPB6359
00629-BDK3E53.jpg,BDK3E53
00630-JXH6563.jpg,JXH6563
00631-PHD5210.jpg,PHD5210
00632-QUS9201.jpg,QUS9201
00633-QZX3B66.jpg,QZX3B66
00634-NUH5I25.jpg,NUH5I25
00635-KVS6C39.jpg,KVS6C39
00636-JXS6F57.jpg,JXS6F57
00637-CEP8332.jpg,CEP8332
00638-LLU3488.jpg,LLU3488
00639-RFB8A59.jpg,RFB8A59
00640-PHW7G07.jpg,PHW7G07
00641-QJL1313.jpg,QJL1313
00642-JXR9074.jpg,JXR9074
00643-MAW9594.jpg,MAW9594
00644-MBF2C87.jpg,MBF2C87
00645-MBL9G28.jpg,MBL9G28
00646-MBL9G28.jpg,MBL9G28
00647-MBU9710.jpg,MBU9710
00648-MCX5046.jpg,MCX5046
00649-MDD3328.jpg,MDD3328
00650-MDF5I05.jpg,MDF5I05
00651-MDF5I05.jpg,MDF5I05
00652-MDK2023.jpg,MDK2023
00653-MDN3857.jpg,MDN3857
00654-MDR8C09.jpg,MDR8C09
00655-MEN8G50.jpg,MEN8G50
00656-MEN0I74.jpg,MEN0I74
00657-MFJ2898.jpg,MFJ2898
00658-MFR7427.jpg,MFR7427
00659-MFT7G96.jpg,MFT7G96
00660-MGM8H37.jpg,MGM8H37
00661-MGQ4B35.jpg,MGQ4B35
00662-MGV8474.jpg,MGV8474
00663-MGV8474.jpg,MGV8474
00664-MGW7G29.jpg,MGW7G29
00665-MHB0555.jpg,MHB0555
00666-MHH5D86.jpg,MHH5D86
00667-MHH7D59.jpg,MHH7D59
00668-MHQ3258.jpg,MHQ3258
00669-MHV2824.jpg,MHV2824
00670-MIF7I60.jpg,MIF7I60
00671-MIJ0I36.jpg,MIJ0I36
00672-MJA7068.jpg,MJA7068
00673-MJL2225.jpg,MJL2225
00674-MKC6J44.jpg,MKC6J44
00675-MKH1723.jpg,MKH1723
00676-MKJ1A15.jpg,MKJ1A15
00677-MKL1E46.jpg,MKL1E46
00678-MKM5141.jpg,MKM5141
00679-MKM5B41.jpg,MKM5B41
00680-MKP3F88.jpg,MKP3F88
00681-MLA3623.jpg,MLA3623
00682-MLB6810.jpg,MLB6810
00683-MLB6810.jpg,MLB6810
00684-MLK1E92.jpg,MLK1E92
00685-MLM9C29.jpg,MLM9C29
00686-MLS0G77.jpg,MLS0G77
00687-MLU2483.jpg,MLU2483
00688-MLV2788.jpg,MLV2788
00689-MLW6538.jpg,MLW6538
00690-MLY7329.jpg,MLY7329
00691-MMA2045.jpg,MMA2045
00692-MMB9965.jpg,MMB9965
00693-MMC7J13.jpg,MMC7J13
00694-MMD3510.jpg,MMD3510
00695-MME0A55.jpg,MME0A55
00696-MMF4F99.jpg,MMF4F99
00697-MMF0H46.jpg,MMF0H46
00698-MMH3E19.jpg,MMH3E19
00699-MMJ2H57.jpg,MMJ2H57
00700-MMK8A57.jpg,MMK8A57
00701-MML9911.jpg,MML9911
00702-MNO7A76.jpg,MNO7A76
00703-MRN6I18.jpg,MRN6I18
00704-MSA7467.jpg,MSA7467
00705-MSP3J11.jpg,MSP3J11
00706-MST9E34.jpg,MST9E34
00707-MTD6831.jpg,MTD6831
00708-MTV9I88.jpg,MTV9I88
00709-MWC9144.jpg,MWC9144
00710-MWE6J04.jpg,MWE6J04
00711-MWG8B24.jpg,MWG8B24
00712-MWK4996.jpg,MWK4996
00713-MXG5J45.jpg,MXG5J45
00714-OBA6J70.jpg,OBA6J70
00715-ODY1A75.jpg,ODY1A75
00716-OEZ3D33.jpg,OEZ3D33
00717-OFR5C44.jpg,OFR5C44
00718-OHZ9B67.jpg,OHZ9B67
00719-OIX8G74.jpg,OIX8G74
00720-OJA3J72.jpg,OJA3J72
00721-OJJ2E65.jpg,OJJ2E65
00722-OKB3D77.jpg,OKB3D77
00723-OKF2J40.jpg,OKF2J40
00724-OKF4G70.jpg,OKF4G70
00725-OKG0G87.jpg,OKG0G87
00726-OKH4H15.jpg,OKH4H15
00727-OKH8D93.jpg,OKH8D93
00728-OLH3F83.jpg,OLH3F83
00729-OME3C42.jpg,OME3C42
00730-OME3C42.jpg,OME3C42
00731-OMM0H77.jpg,OMM0H77
00732-OMO3D98.jpg,OMO3D98
00733-OMZ9H56.jpg,OMZ9H56
00734-ONN7F96.jpg,ONN7F96
00735-OOC6B90.jpg,OOC6B90
00736-OOJ3F05.jpg,OOJ3F05
00737-OOL0B82.jpg,OOL0B82
00738-OOL1G58.jpg,OOL1G58
00739-OOL3I45.jpg,OOL3I45
00740-OOV0C98.jpg,OOV0C98
00741-OPC8J83.jpg,OPC8J83
00742-OPS0H99.jpg,OPS0H99
00743-OPX1E17.jpg,OPX1E17
00744-OQF2D00.jpg,OQF2D00
00745-OQJ7G90.jpg,OQJ7G90
00746-OQU8D79.jpg,OQU8D79
00747-OSS9G30.jpg,OSS9G30
00748-OSU5B52.jpg,OSU5B52
00749-OSU5B52.jpg,OSU5B52
00750-OTO1A77.jpg,OTO1A77
00751-OTQ8A18.jpg,OTQ8A18
00752-OTV4A81.jpg,OTV4A81
00753-OUP8C42.jpg,OUP8C42
00754-OWJ9D40.jpg,OWJ9D40
00755-OXA6C50.jpg,OXA6C50
00756-OXF4E51.jpg,OXF4E51
00757-OXF4E51.jpg,OXF4E51
00758-OXI5I40.jpg,OXI5I40
00759-OZU8A25.jpg,OZU8A25
00760-LYR3C00.jpg,LYR3C00
00761-BMW9784.jpg,BMW9784
00762-BBT2E41.jpg,BBT2E41
00763-NUH5I25.jpg,NUH5I25
00764-CEZ5449.jpg,CEZ5449
00765-KQY6E81.jpg,KQY6E81
00766-PHC1414.jpg,PHC1414
00767-PHC1414.jpg,PHC1414
00768-DAE6778.jpg,DAE6778
00769-AZP8C01.jpg,AZP8C01
00770-KNW1G02.jpg,KNW1G02
00771-PHT5F76.jpg,PHT5F76
00772-BUD7666.jpg,BUD7666
00773-FHE0843.jpg,FHE0843
00774-FLX0F32.jpg,FLX0F32
00775-RFX1D07.jpg,RFX1D07
00776-LYK6113.jpg,LYK6113
00777-RKJ1B10.jpg,RKJ1B10
00778-JXV3745.jpg,JXV3745
00779-QZB4J11.jpg,QZB4J11
00780-PHC1414.jpg,PHC1414
00781-ERX7217.jpg,ERX7217
00782-MDN6276.jpg,MDN6276
00783-PGM9981.jpg,PGM9981
00784-LSU8F02.jpg,LSU8F02
00785-QWU4631.jpg,QWU4631
00786-GVW1975.jpg,GVW1975
00787-QQI8E42.jpg,QQI8E42
00788-LSU8F02.jpg,LSU8F02
00789-FPM6621.jpg,FPM6621
00790-RJK3J44.jpg,RJK3J44
00791-KQY6E81.jpg,KQY6E81
00792-PCZ5105.jpg,PCZ5105
00793-RAJ3110.jpg,RAJ3110
00794-JXV3745.jpg,JXV3745
00795-GAY8G56.jpg,GAY8G56
00796-MLZ7778.jpg,MLZ7778
00797-BQY5F60.jpg,BQY5F60
00798-NUH5I25.jpg,NUH5I25
00799-QIK4F48.jpg,QIK4F48
00800-NGI0G16.jpg,NGI0G16
00801-MJH1224.jpg,MJH1224
00802-KRX7E81.jpg,KRX7E81
00803-FVO2E76.jpg,FVO2E76
00804-EZP8866.jpg,EZP8866
00805-LTQ7G79.jpg,LTQ7G79
00806-QZB4J11.jpg,QZB4J11
00807-PHG5192.jpg,PHG5192
00808-FMU4I95.jpg,FMU4I95
00809-CNP9586.jpg,CNP9586
00810-KVS6C39.jpg,KVS6C39
00811-NAQ1A71.jpg,NAQ1A71
00812-BAQ3C40.jpg,BAQ3C40
00813-BDH3I35.jpg,BDH3I35
00814-FCT3364.jpg,FCT3364
00815-JXV3745.jpg,JXV3745
00816-DWH9844.jpg,DWH9844
00817-PHJ9181.jpg,PHJ9181
00818-KYY4B59.jpg,KYY4B59
00819-DRF6436.jpg,DRF6436
00820-KQY6E81.jpg,KQY6E81
00821-PHJ9804.jpg,PHJ9804
00822-PHG0286.jpg,PHG0286
00823-KRG3G24.jpg,KRG3G24
00824-PHS3698.jpg,PHS3698
00825-BBR8047.jpg,BBR8047
00826-NUH5I25.jpg,NUH5I25
00827-EEG5748.jpg,EEG5748
00828-ANT0I38.jpg,ANT0I38
00829-PHG0286.jpg,PHG0286
00830-FRH5219.jpg,FRH5219
00831-KVS6C39.jpg,KVS6C39
00832-PHG0286.jpg,PHG0286
00833-BAL3154.jpg,BAL3154
00834-QWU4631.jpg,QWU4631
00835-JXV3745.jpg,JXV3745
00836-FPM6621.jpg,FPM6621
00837-HHB0A33.jpg,HHB0A33
00838-QWU4631.jpg,QWU4631
00839-QJX0705.jpg,QJX0705
00840-PHJ9804.jpg,PHJ9804
00841-CPB2117.jpg,CPB2117
00842-RMY8J98.jpg,RMY8J98
00843-KVI1I41.jpg,KVI1I41
00844-QJG2964.jpg,QJG2964
00845-RKO0C95.jpg,RKO0C95
00846-PHT5F76.jpg,PHT5F76
00847-NAQ1A71.jpg,NAQ1A71
00848-CXF6H38.jpg,CXF6H38
00849-PHC1414.jpg,PHC1414
00850-LMR8B16.jpg,LMR8B16
00851-LXE3J38.jpg,LXE3J38
00852-NAQ1A71.jpg,NAQ1A71
00853-LQG0686.jpg,LQG0686
00854-MLY0C20.jpg,MLY0C20
00855-RMR6I62.jpg,RMR6I62
00856-FMW3734.jpg,FMW3734
00857-PHJ6995.jpg,PHJ6995
00858-QUY5I95.jpg,QUY5I95
00859-QHA0091.jpg,QHA0091
00860-FHE0843.jpg,FHE0843
00861-JWT7505.jpg,JWT7505
00862-PUZ8106.jpg,PUZ8106
00863-BCX9B81.jpg,BCX9B81
00864-RTM4A38.jpg,RTM4A38
00865-AYA2043.jpg,AYA2043
00866-NUH5I25.jpg,NUH5I25
00867-NUH5I25.jpg,NUH5I25
00868-DRS6290.jpg,DRS6290
00869-PHX8J67.jpg,PHX8J67
00870-EZW0678.jpg,EZW0678
00871-MMB0236.jpg,MMB0236
00872-PHC1414.jpg,PHC1414
00873-PHL3395.jpg,PHL3395
00874-BAW3586.jpg,BAW3586
00875-KVS6C39.jpg,KVS6C39
00876-NUH5I25.jpg,NUH5I25
00877-KVS6C39.jpg,KVS6C39
00878-JPB6898.jpg,JPB6898
00879-NPB6359.jpg,NPB6359
00880-BCC8A11.jpg,BCC8A11
00881-PHD5210.jpg,PHD5210
00882-PHT5F76.jpg,PHT5F76
00883-CUF3438.jpg,CUF3438
00884-JXR9074.jpg,JXR9074
00885-KQY6E81.jpg,KQY6E81
00886-NAQ1A71.jpg,NAQ1A71
00887-PHJ6995.jpg,PHJ6995
00888-FRS5333.jpg,FRS5333
00889-FHE0843.jpg,FHE0843
00890-KQY6E81.jpg,KQY6E81
00891-NUH5I25.jpg,NUH5I25
00892-PHG5192.jpg,PHG5192
00893-KVS6C39.jpg,KVS6C39
00894-PHL3395.jpg,PHL3395
00895-PHC1414.jpg,PHC1414
00896-PHG0286.jpg,PHG0286
00897-KQY6E81.jpg,KQY6E81
00898-KVS6C39.jpg,KVS6C39
00899-PHJ6995.jpg,PHJ6995
00900-PHJ6995.jpg,PHJ6995
00901-NYB4400.jpg,NYB4400
00902-KPC6E90.jpg,KPC6E90
00903-QIA1D15.jpg,QIA1D15
00904-NUH5I25.jpg,NUH5I25
00905-NUH5I25.jpg,NUH5I25
00906-KQY6E81.jpg,KQY6E81
00907-EXR8967.jpg,EXR8967
00908-FHE0843.jpg,FHE0843
00909-PHJ9804.jpg,PHJ9804
00910-NUH5I25.jpg,NUH5I25
00911-QWU4631.jpg,QWU4631
00912-NAQ1A71.jpg,NAQ1A71
00913-FHJ4449.jpg,FHJ4449
00914-PHD5210.jpg,PHD5210
00915-NUH5I25.jpg,NUH5I25
00916-PBZ9412.jpg,PBZ9412
00917-FHE0843.jpg,FHE0843
00918-PHD5210.jpg,PHD5210
00919-LLA9331.jpg,LLA9331
00920-KVS6C39.jpg,KVS6C39
00921-AWQ0067.jpg,AWQ0067
00922-KQY6E81.jpg,KQY6E81
00923-PHC1414.jpg,PHC1414
00924-OPR3H84.jpg,OPR3H84
00925-PHL3395.jpg,PHL3395
00926-JXR9074.jpg,JXR9074
00927-PHI9D80.jpg,PHI9D80
00928-BDG5544.jpg,BDG5544
00929-KWJ7F89.jpg,KWJ7F89
00930-KQY6E81.jpg,KQY6E81
00931-MLY1D95.jpg,MLY1D95
00932-RZE3E36.jpg,RZE3E36
00933-KQY6E81.jpg,KQY6E81
00934-AKO8I85.jpg,AKO8I85
00935-GWC1975.jpg,GWC1975
00936-JUL9163.jpg,JUL9163
00937-QMV0344.jpg,QMV0344
00938-JXV3745.jpg,JXV3745
00939-JXV3745.jpg,JXV3745
00940-PHL3395.jpg,PHL3395
00941-NAQ1A71.jpg,NAQ1A71
00942-KVS6C39.jpg,KVS6C39
00943-PHC1414.jpg,PHC1414
00944-QWU4631.jpg,QWU4631
00945-PHC1414.jpg,PHC1414
00946-RTN7I45.jpg,RTN7I45
00947-KVS6C39.jpg,KVS6C39
00948-QHI6D74.jpg,QHI6D74
00949-KVS6C39.jpg,KVS6C39
00950-JXV3745.jpg,JXV3745
00951-KVS6C39.jpg,KVS6C39
00952-PHJ6995.jpg,PHJ6995
00953-RTB7H50.jpg,RTB7H50
00954-QIV8D62.jpg,QIV8D62
00955-DTC0G37.jpg,DTC0G37
00956-CHV0180.jpg,CHV0180
00957-NPB6359.jpg,NPB6359
00958-LSU8F02.jpg,LSU8F02
00959-QTK9109.jpg,QTK9109
00960-LTC9A28.jpg,LTC9A28
00961-PHJ9804.jpg,PHJ9804
00962-PXC8G19.jpg,PXC8G19
00963-NUH5I25.jpg,NUH5I25
00964-PHC1414.jpg,PHC1414
00965-KVS6C39.jpg,KVS6C39
00966-RHQ0I50.jpg,RHQ0I50
00967-BEM1098.jpg,BEM1098
00968-RLJ5D10.jpg,RLJ5D10
00969-PHM2215.jpg,PHM2215
00970-PHC1414.jpg,PHC1414
00971-MQS3932.jpg,MQS3932
00972-NAQ1A71.jpg,NAQ1A71
00973-NUH5I25.jpg,NUH5I25
00974-CTS1B79.jpg,CTS1B79
00975-AUT7255.jpg,AUT7255
00976-GZN3166.jpg,GZN3166
00977-LML4I15.jpg,LML4I15
00978-JHC7945.jpg,JHC7945
00979-RBE7F11.jpg,RBE7F11
00980-FHE0843.jpg,FHE0843
00981-NAQ1A71.jpg,NAQ1A71
00982-MFU1J07.jpg,MFU1J07
00983-NUH5I25.jpg,NUH5I25
00984-BDE4C06.jpg,BDE4C06
00985-GGT9428.jpg,GGT9428
00986-PHC1414.jpg,PHC1414
00987-PHK8F17.jpg,PHK8F17
00988-QOP9D16.jpg,QOP9D16
00989-PHR0B63.jpg,PHR0B63
00990-QZC2J53.jpg,QZC2J53
00991-JXL3F92.jpg,JXL3F92
00992-QMR5J34.jpg,QMR5J34
00993-NPB5J66.jpg,NPB5J66
00994-QZD9C08.jpg,QZD9C08
00995-PHP9H69.jpg,PHP9H69
00996-NOK7F83.jpg,NOK7F83
00997-PHN0I64.jpg,PHN0I64
00998-NOR3E84.jpg,NOR3E84
00999-QZF6F47.jpg,QZF6F47
